acc_id,expire,account_age_at_cutoff,last_access_recency_at_cutoff,recency_days,total_spend,total_payments,spend_decay_ratio,tx_decay_ratio,missed_renewal_cycles,churned,churn_probability,churn_predicted,risk_tier
ACC_00114,2025-09-11,427,46,77.0,21450.0,7.0,0.2701242571582928,0.3333333333333333,1.6041666666666667,1,0.9997798265956984,1,High
ACC_09985,2025-11-21,1141,907,988.0,17600.0,3.0,0.0,0.0,20.0,1,0.9997798265956984,1,High
ACC_00122,2025-11-17,247,125,136.0,2840.0,3.0,0.0,0.0,14.31578947368421,1,0.9997798265956984,1,High
ACC_00155,2025-10-16,1991,1340,1423.0,25490.0,4.0,0.0,0.0,8.712244897959183,1,0.9997798265956984,1,High
ACC_09769,2025-10-16,287,249,257.0,32950.0,7.0,0.0,0.0,20.0,1,0.9997798265956984,1,High
ACC_09765,2025-09-24,1355,883,885.0,15500.0,4.0,0.0,0.0,10.095057034220531,1,0.9997798265956984,1,High
ACC_09931,2025-10-31,737,717,718.0,19150.0,7.0,0.0,0.0,20.0,1,0.9997798265956984,1,High
ACC_09941,2025-11-05,1508,600,789.0,20590.0,6.0,0.0,0.0,7.98582995951417,1,0.9997798265956984,1,High
ACC_09979,2025-11-21,647,479,491.0,29290.0,5.0,0.0,0.0,13.929078014184396,1,0.9997798265956984,1,High
ACC_00051,2025-09-12,1088,53,537.0,5600.0,2.0,0.0,0.0,3.977777777777778,1,0.9997798265956984,1,High
ACC_07720,2025-09-17,175,113,118.0,3990.0,5.0,0.0,0.0,9.076923076923077,1,0.9997798265956984,1,High
ACC_07758,2025-11-09,1205,998,1071.0,12850.0,3.0,0.0,0.0,19.65137614678899,1,0.9997798265956984,1,High
ACC_07779,2025-10-23,191,56,107.0,4150.0,4.0,0.0,0.0,4.0125,1,0.9997798265956984,1,High
ACC_07783,2025-09-22,250,161,195.0,14340.0,5.0,0.0,0.0,15.0,1,0.9997798265956984,1,High
ACC_07788,2025-10-31,1153,1094,1104.0,3150.0,2.0,0.0,0.0,20.0,1,0.9997798265956984,1,High
ACC_07808,2025-10-13,758,55,217.0,6100.0,3.0,0.0,0.0,1.4183006535947713,1,0.9997798265956984,1,High
ACC_07826,2025-10-08,927,517,592.0,17280.0,5.0,0.0,0.0,9.0727969348659,1,0.9997798265956984,1,High
ACC_07840,2025-11-24,95,65,77.0,3840.0,5.0,0.9195402298850575,1.0,18.11764705882353,1,0.9997798265956984,1,High
ACC_07847,2025-12-02,576,243,257.0,33590.0,7.0,0.0,0.0,4.910828025477707,1,0.9997798265956984,1,High
ACC_00532,2025-10-21,645,559,616.0,3790.0,2.0,0.0,0.0,20.0,1,0.9997798265956984,1,High
ACC_00536,2025-10-30,137,134,135.0,1690.0,3.0,0.0,0.0,20.0,1,0.9997798265956984,1,High
ACC_00569,2025-11-24,1322,973,990.0,7490.0,6.0,0.0,0.0,15.0,1,0.9997798265956984,1,High
ACC_00718,2025-11-12,978,841,873.0,7590.0,5.0,0.0,0.0,20.0,1,0.9997798265956984,1,High
ACC_00306,2025-11-29,129,64,118.0,2800.0,1.0,0.0,0.0,20.0,1,0.9997798265956984,1,High
ACC_00352,2025-11-27,360,301,301.0,30630.0,7.0,0.0,0.0,20.0,1,0.9997798265956984,1,High
ACC_00736,2025-11-25,1585,392,426.0,23100.0,10.0,0.0,0.0,3.5013698630136987,1,0.9997798265956984,1,High
ACC_00746,2025-11-25,29,29,29.0,3300.0,2.0,3300.0,2.0,20.0,1,0.9997798265956984,1,High
ACC_00759,2025-11-13,696,452,480.0,15850.0,7.0,0.0,0.0,15.0,1,0.9997798265956984,1,High
ACC_00767,2025-10-07,195,166,167.0,40330.0,8.0,0.0,0.0,20.0,1,0.9997798265956984,1,High
ACC_00814,2025-09-28,154,130,137.0,13850.0,3.0,0.0,0.0,19.571428571428573,1,0.9997798265956984,1,High
ACC_00844,2025-11-22,42,41,41.0,1850.0,2.0,1850.0,2.0,20.0,1,0.9997798265956984,1,High
ACC_00906,2025-11-05,74,35,61.0,13500.0,2.0,13500.0,2.0,15.25,1,0.9997798265956984,1,High
ACC_00938,2025-09-27,121,102,110.0,4650.0,3.0,0.0,0.0,20.0,1,0.9997798265956984,1,High
ACC_00472,2025-10-09,143,109,111.0,13850.0,3.0,0.0,0.0,7.655172413793103,1,0.9997798265956984,1,High
ACC_00476,2025-11-01,933,771,838.0,6150.0,4.0,0.0,0.0,20.0,1,0.9997798265956984,1,High
ACC_00500,2025-09-10,2123,1452,1473.0,5290.0,3.0,0.0,0.0,9.092592592592593,1,0.9997798265956984,1,High
ACC_07516,2025-10-27,519,501,503.0,25000.0,4.0,0.0,0.0,20.0,1,0.9997798265956984,1,High
ACC_07547,2025-10-06,422,54,422.0,0.0,0.0,0.0,0.0,20.0,1,0.9997798265956984,1,High
ACC_07594,2025-11-02,521,403,456.0,5640.0,4.0,0.0,0.0,20.0,1,0.9997798265956984,1,High
ACC_07627,2025-09-16,341,184,213.0,3000.0,2.0,0.0,0.0,4.630434782608695,1,0.9997798265956984,1,High
ACC_07630,2025-09-24,501,489,489.0,5640.0,4.0,0.0,0.0,20.0,1,0.9997798265956984,1,High
ACC_07663,2025-10-29,50,33,36.0,1840.0,3.0,1840.0,3.0,6.0,1,0.9997798265956984,1,High
ACC_07686,2025-10-08,293,266,274.0,1340.0,2.0,0.0,0.0,15.222222222222221,1,0.9997798265956984,1,High
ACC_09499,2025-10-15,118,56,89.0,8090.0,4.0,0.2275830678197542,0.25,9.206896551724139,1,0.9997798265956984,1,High
ACC_09530,2025-09-16,825,605,614.0,23140.0,10.0,0.0,0.0,20.0,1,0.9997798265956984,1,High
ACC_09534,2025-09-22,1122,176,334.0,13850.0,3.0,0.0,0.0,1.0276923076923077,1,0.9997798265956984,1,High
ACC_09613,2025-11-08,52,31,43.0,15150.0,3.0,15150.0,3.0,10.75,1,0.9997798265956984,1,High
ACC_01012,2025-12-04,211,100,104.0,3340.0,4.0,0.0,0.0,4.875,1,0.9997798265956984,1,High
ACC_01051,2025-11-06,1269,665,864.0,18800.0,6.0,0.0,0.0,11.458885941644562,1,0.9997798265956984,1,High
ACC_01053,2025-09-12,230,112,163.0,7600.0,4.0,0.0,0.0,11.372093023255813,1,0.9997798265956984,1,High
ACC_01099,2025-11-25,467,56,66.0,16190.0,7.0,0.6986027944111777,0.5,1.0232558139534884,1,0.9997798265956984,1,High
ACC_01184,2025-10-03,821,223,478.0,13340.0,3.0,0.0,0.0,17.381818181818183,1,0.9997798265956984,1,High
ACC_01206,2025-09-12,145,130,130.0,13990.0,4.0,0.0,0.0,20.0,1,0.9997798265956984,1,High
ACC_07252,2025-09-17,159,75,82.0,19950.0,6.0,0.2747428279343173,0.4,8.03921568627451,1,0.9997798265956984,1,High
ACC_07289,2025-11-22,25,25,25.0,5600.0,2.0,5600.0,2.0,20.0,1,0.9997798265956984,1,High
ACC_07290,2025-11-21,177,165,169.0,14500.0,4.0,0.0,0.0,20.0,1,0.9997798265956984,1,High
ACC_07350,2025-10-07,1047,112,253.0,5280.0,4.0,0.0,0.0,1.206677265500795,1,0.9997798265956984,1,High
ACC_07357,2025-10-31,57,39,40.0,15150.0,3.0,15150.0,3.0,11.428571428571429,1,0.9997798265956984,1,High
ACC_07388,2025-10-30,138,32,61.0,12850.0,3.0,0.040482552020079346,0.3333333333333333,1.6266666666666667,1,0.9997798265956984,1,High
ACC_07471,2025-10-13,1359,1082,1210.0,2800.0,1.0,0.0,0.0,20.0,1,0.9997798265956984,1,High
ACC_06935,2025-10-24,72,71,71.0,700.0,2.0,700.0,2.0,20.0,1,0.9997798265956984,1,High
ACC_01243,2025-09-16,979,500,509.0,5130.0,4.0,0.0,0.0,5.512635379061372,1,0.9997798265956984,1,High
ACC_01272,2025-09-10,406,348,354.0,15790.0,3.0,0.0,0.0,15.391304347826088,1,0.9997798265956984,1,High
ACC_01312,2025-10-18,282,88,136.0,19450.0,5.0,0.0,0.0,5.551020408163265,1,0.9997798265956984,1,High
ACC_01371,2025-11-27,49,31,37.0,17850.0,7.0,17850.0,7.0,18.5,1,0.9997798265956984,1,High
ACC_01407,2025-11-07,122,38,52.0,13500.0,2.0,13500.0,2.0,5.2,1,0.9997798265956984,1,High
ACC_01449,2025-11-15,195,178,178.0,31960.0,10.0,0.0,0.0,20.0,1,0.9997798265956984,1,High
ACC_09348,2025-11-29,16,16,16.0,14000.0,3.0,14000.0,3.0,16.0,1,0.9997798265956984,1,High
ACC_09359,2025-09-17,177,156,162.0,350.0,1.0,0.0,0.0,20.0,1,0.9997798265956984,1,High
ACC_09465,2025-09-20,1033,769,1001.0,500.0,1.0,0.0,0.0,20.0,1,0.9997798265956984,1,High
ACC_09478,2025-11-12,1001,440,585.0,2330.0,3.0,0.0,0.0,5.2,1,0.9997798265956984,1,High
ACC_01845,2025-10-21,229,101,110.0,13200.0,4.0,0.0,0.0,3.9285714285714284,1,0.9997798265956984,1,High
ACC_01866,2025-10-03,737,121,168.0,18800.0,6.0,0.0,0.0,1.518987341772152,1,0.9997798265956984,1,High
ACC_01465,2025-11-26,633,58,99.0,31100.0,7.0,0.0,0.0,1.204868154158215,1,0.9997798265956984,1,High
ACC_01469,2025-10-04,1878,1041,1248.0,4850.0,4.0,0.0,0.0,7.399209486166009,1,0.9997798265956984,1,High
ACC_01518,2025-11-05,1948,208,333.0,14480.0,4.0,0.0,0.0,0.6283018867924528,1,0.9997798265956984,1,High
ACC_01646,2025-09-28,244,139,141.0,18800.0,6.0,0.0,0.0,7.66304347826087,1,0.9997798265956984,1,High
ACC_01649,2025-09-19,546,113,226.0,26350.0,5.0,0.0,0.0,5.1657142857142855,1,0.9997798265956984,1,High
ACC_06985,2025-10-30,473,306,336.0,18450.0,5.0,0.0,0.0,11.294117647058824,1,0.9997798265956984,1,High
ACC_07022,2025-11-11,249,186,194.0,1490.0,2.0,0.0,0.0,5.542857142857143,1,0.9997798265956984,1,High
ACC_07028,2025-11-17,828,87,212.0,12940.0,8.0,0.0,0.0,2.5324232081911267,1,0.9997798265956984,1,High
ACC_07041,2025-10-21,1433,1226,1244.0,500.0,1.0,0.0,0.0,20.0,1,0.9997798265956984,1,High
ACC_07103,2025-10-21,92,85,85.0,14840.0,4.0,0.11243534967393748,0.25,20.0,1,0.9997798265956984,1,High
ACC_07151,2025-11-23,24,24,24.0,16300.0,3.0,16300.0,3.0,20.0,1,0.9997798265956984,1,High
ACC_07896,2025-10-18,80,50,52.0,5630.0,5.0,5630.0,5.0,8.0,1,0.9997798265956984,1,High
ACC_07928,2025-11-27,63,37,42.0,1340.0,2.0,1340.0,2.0,14.0,1,0.9997798265956984,1,High
ACC_07990,2025-10-31,86,42,48.0,7090.0,4.0,7090.0,4.0,5.538461538461539,1,0.9997798265956984,1,High
ACC_09265,2025-09-10,798,420,420.0,1690.0,3.0,0.0,0.0,5.3164556962025316,1,0.9997798265956984,1,High
ACC_09282,2025-11-28,426,278,278.0,39960.0,7.0,0.0,0.0,18.130434782608695,1,0.9997798265956984,1,High
ACC_09288,2025-09-26,82,65,66.0,21080.0,6.0,21080.0,6.0,20.0,1,0.9997798265956984,1,High
ACC_09327,2025-10-12,277,94,109.0,31800.0,7.0,0.0,0.0,6.8125,1,0.9997798265956984,1,High
ACC_01670,2025-11-29,126,114,115.0,700.0,2.0,0.0,0.0,20.0,1,0.9997798265956984,1,High
ACC_01673,2025-10-30,282,216,271.0,3300.0,2.0,0.0,0.0,20.0,1,0.9997798265956984,1,High
ACC_01743,2025-11-04,1863,688,767.0,3470.0,4.0,0.0,0.0,2.89070351758794,1,0.9997798265956984,1,High
ACC_01774,2025-11-21,45,32,34.0,10250.0,5.0,10250.0,5.0,20.0,1,0.9997798265956984,1,High
ACC_01801,2025-09-26,1534,1358,1534.0,0.0,0.0,0.0,0.0,20.0,1,0.9997798265956984,1,High
ACC_01816,2025-10-07,1579,428,731.0,8280.0,6.0,0.0,0.0,4.591708542713568,1,0.9997798265956984,1,High
ACC_01829,2025-11-20,253,68,198.0,13840.0,4.0,0.0,0.0,11.879999999999999,1,0.9997798265956984,1,High
ACC_08035,2025-10-28,50,37,39.0,4180.0,7.0,4180.0,7.0,20.0,1,0.9997798265956984,1,High
ACC_08049,2025-11-20,149,149,149.0,5790.0,4.0,0.0,0.0,20.0,1,0.9997798265956984,1,High
ACC_08063,2025-11-27,101,97,97.0,26340.0,6.0,0.0,0.0,20.0,1,0.9997798265956984,1,High
ACC_06730,2025-10-16,99,61,72.0,8790.0,6.0,3.7493246893571044,1.3333333333333333,13.333333333333332,1,0.9997798265956984,1,High
ACC_06749,2025-09-25,75,75,75.0,13340.0,3.0,13340.0,3.0,20.0,1,0.9997798265956984,1,High
ACC_06818,2025-11-01,623,607,623.0,0.0,0.0,0.0,0.0,20.0,1,0.9997798265956984,1,High
ACC_01963,2025-09-21,655,167,216.0,15970.0,6.0,0.0,0.0,3.214285714285714,1,0.9997798265956984,1,High
ACC_01991,2025-10-03,226,136,216.0,990.0,1.0,0.0,0.0,20.0,1,0.9997798265956984,1,High
ACC_02003,2025-12-05,882,783,809.0,4790.0,4.0,0.0,0.0,20.0,1,0.9997798265956984,1,High
ACC_02018,2025-11-16,680,323,458.0,4020.0,6.0,0.0,0.0,10.361990950226243,1,0.9997798265956984,1,High
ACC_02045,2025-09-17,1734,782,835.0,16350.0,6.0,0.0,0.0,6.900826446280992,1,0.9997798265956984,1,High
ACC_02055,2025-12-05,461,453,454.0,15990.0,4.0,0.0,0.0,20.0,1,0.9997798265956984,1,High
ACC_06885,2025-10-13,81,34,58.0,6100.0,3.0,6100.0,3.0,5.8,1,0.9997798265956984,1,High
ACC_06359,2025-10-01,195,99,141.0,2540.0,5.0,0.0,0.0,10.641509433962264,1,0.9997798265956984,1,High
ACC_06433,2025-10-12,61,52,52.0,16340.0,5.0,16340.0,5.0,20.0,1,0.9997798265956984,1,High
ACC_06455,2025-10-10,380,205,317.0,990.0,1.0,0.0,0.0,20.0,1,0.9997798265956984,1,High
ACC_06599,2025-11-21,26,26,26.0,15150.0,3.0,15150.0,3.0,20.0,1,0.9997798265956984,1,High
ACC_06694,2025-09-11,451,251,264.0,17630.0,6.0,0.0,0.0,13.75,1,0.9997798265956984,1,High
ACC_06013,2025-10-29,167,141,143.0,31290.0,7.0,0.0,0.0,20.0,1,0.9997798265956984,1,High
ACC_06046,2025-09-12,1581,682,755.0,5650.0,5.0,0.0,0.0,4.211994421199442,1,0.9997798265956984,1,High
ACC_06052,2025-09-29,102,92,92.0,6150.0,4.0,0.0,0.0,20.0,1,0.9997798265956984,1,High
ACC_06132,2025-12-01,42,35,36.0,24990.0,3.0,24990.0,3.0,20.0,1,0.9997798265956984,1,High
ACC_06140,2025-09-15,1725,1496,1535.0,6100.0,3.0,0.0,0.0,18.834355828220858,1,0.9997798265956984,1,High
ACC_06150,2025-11-07,1715,128,661.0,16780.0,4.0,0.0,0.0,1.904899135446686,1,0.9997798265956984,1,High
ACC_06168,2025-09-30,1457,975,1192.0,5600.0,2.0,0.0,0.0,7.790849673202614,1,0.9997798265956984,1,High
ACC_06198,2025-11-05,61,38,45.0,7150.0,6.0,7150.0,6.0,14.0625,1,0.9997798265956984,1,High
ACC_06215,2025-11-20,98,79,97.0,2800.0,1.0,0.0,0.0,20.0,1,0.9997798265956984,1,High
ACC_06283,2025-09-27,522,285,353.0,12500.0,2.0,0.0,0.0,4.584415584415584,1,0.9997798265956984,1,High
ACC_05833,2025-09-16,384,383,383.0,19640.0,9.0,0.0,0.0,20.0,1,0.9997798265956984,1,High
ACC_05837,2025-11-12,278,159,166.0,28650.0,5.0,0.0,0.0,8.197530864197532,1,0.9997798265956984,1,High
ACC_02108,2025-10-04,1107,362,370.0,3300.0,2.0,0.0,0.0,0.593900481540931,1,0.9997798265956984,1,High
ACC_02146,2025-09-10,840,47,75.0,13850.0,3.0,350.0,1.0,0.5597014925373134,1,0.9997798265956984,1,High
ACC_02154,2025-10-09,640,624,624.0,5790.0,4.0,0.0,0.0,20.0,1,0.9997798265956984,1,High
ACC_02176,2025-11-29,45,41,41.0,14990.0,4.0,14990.0,4.0,20.0,1,0.9997798265956984,1,High
ACC_02192,2025-10-03,1575,389,524.0,350.0,1.0,0.0,0.0,20.0,1,0.9997798265956984,1,High
ACC_02217,2025-11-23,240,181,187.0,20980.0,9.0,0.0,0.0,20.0,1,0.9997798265956984,1,High
ACC_02352,2025-09-26,1601,1193,1284.0,5150.0,4.0,0.0,0.0,19.259999999999998,1,0.9997798265956984,1,High
ACC_01900,2025-12-07,8,8,8.0,4040.0,6.0,4040.0,6.0,8.0,1,0.9997798265956984,1,High
ACC_02844,2025-09-18,91,62,72.0,3650.0,3.0,3650.0,3.0,20.0,1,0.9997798265956984,1,High
ACC_02423,2025-11-11,1331,1085,1331.0,0.0,0.0,0.0,0.0,20.0,1,0.9997798265956984,1,High
ACC_02433,2025-11-16,301,60,78.0,29300.0,6.0,0.22398208143348533,0.3333333333333333,2.0103092783505154,1,0.9997798265956984,1,High
ACC_02461,2025-11-30,53,38,42.0,13850.0,3.0,13850.0,3.0,10.5,1,0.9997798265956984,1,High
ACC_02480,2025-10-06,81,72,72.0,13260.0,10.0,13260.0,10.0,20.0,1,0.9997798265956984,1,High
ACC_02493,2025-12-02,1058,467,552.0,40290.0,6.0,0.0,0.0,5.762004175365345,1,0.9997798265956984,1,High
ACC_02539,2025-11-20,2085,34,1023.0,13850.0,3.0,0.0,0.0,2.9312320916905446,1,0.9997798265956984,1,High
ACC_05877,2025-12-02,1292,974,1159.0,12000.0,1.0,0.0,0.0,20.0,1,0.9997798265956984,1,High
ACC_05884,2025-12-08,1004,1000,1002.0,10380.0,5.0,0.0,0.0,20.0,1,0.9997798265956984,1,High
ACC_05934,2025-09-24,701,627,639.0,2490.0,2.0,0.0,0.0,11.833333333333334,1,0.9997798265956984,1,High
ACC_05966,2025-10-28,1976,500,516.0,3830.0,4.0,0.0,0.0,1.197215777262181,1,0.9997798265956984,1,High
ACC_05969,2025-09-13,622,544,546.0,1500.0,1.0,0.0,0.0,20.0,1,0.9997798265956984,1,High
ACC_08128,2025-11-07,2049,1886,1900.0,12850.0,3.0,0.0,0.0,20.0,1,0.9997798265956984,1,High
ACC_08145,2025-12-03,1053,562,565.0,22940.0,9.0,0.0,0.0,9.720430107526882,1,0.9997798265956984,1,High
ACC_08152,2025-11-24,172,130,143.0,44100.0,8.0,0.0,0.0,20.0,1,0.9997798265956984,1,High
ACC_09126,2025-09-22,1258,799,980.0,6300.0,4.0,0.0,0.0,17.19298245614035,1,0.9997798265956984,1,High
ACC_09135,2025-10-22,64,59,59.0,2200.0,3.0,2200.0,3.0,20.0,1,0.9997798265956984,1,High
ACC_09165,2025-10-09,606,131,362.0,1500.0,1.0,0.0,0.0,20.0,1,0.9997798265956984,1,High
ACC_09167,2025-09-23,1264,649,735.0,8590.0,5.0,0.0,0.0,5.833333333333333,1,0.9997798265956984,1,High
ACC_02700,2025-12-02,959,575,595.0,5290.0,3.0,0.0,0.0,3.342696629213483,1,0.9997798265956984,1,High
ACC_02723,2025-10-03,632,590,611.0,1490.0,2.0,0.0,0.0,20.0,1,0.9997798265956984,1,High
ACC_02737,2025-09-22,777,221,291.0,28650.0,5.0,0.0,0.0,2.3950617283950617,1,0.9997798265956984,1,High
ACC_02749,2025-10-18,135,38,83.0,26850.0,6.0,0.013207048790611676,0.16666666666666666,9.431818181818182,1,0.9997798265956984,1,High
ACC_02802,2025-12-08,8,8,8.0,4640.0,4.0,4640.0,4.0,8.0,1,0.9997798265956984,1,High
ACC_02806,2025-11-30,661,436,511.0,17840.0,8.0,0.0,0.0,20.0,1,0.9997798265956984,1,High
ACC_02807,2025-10-21,1063,1029,1049.0,28290.0,5.0,0.0,0.0,20.0,1,0.9997798265956984,1,High
ACC_08224,2025-09-29,740,33,151.0,10600.0,6.0,0.0,0.0,1.3107638888888888,1,0.9997798265956984,1,High
ACC_08233,2025-09-23,1728,712,927.0,3990.0,3.0,0.0,0.0,3.7005988023952097,1,0.9997798265956984,1,High
ACC_05707,2025-09-13,635,549,581.0,15820.0,6.0,0.0,0.0,20.0,1,0.9997798265956984,1,High
ACC_05714,2025-11-24,114,56,72.0,14340.0,5.0,6.202913108990457,0.5,7.384615384615385,1,0.9997798265956984,1,High
ACC_05744,2025-12-04,1727,971,1417.0,14800.0,2.0,0.0,0.0,6.187772925764192,1,0.9997798265956984,1,High
ACC_05761,2025-10-20,618,607,608.0,4330.0,5.0,0.0,0.0,20.0,1,0.9997798265956984,1,High
ACC_05763,2025-11-28,42,41,41.0,3790.0,2.0,3790.0,2.0,20.0,1,0.9997798265956984,1,High
ACC_05770,2025-09-13,284,156,166.0,2340.0,4.0,0.0,0.0,4.788461538461539,1,0.9997798265956984,1,High
ACC_05794,2025-10-16,475,258,288.0,9590.0,5.0,0.0,0.0,6.9397590361445785,1,0.9997798265956984,1,High
ACC_02928,2025-10-09,75,63,63.0,1490.0,2.0,1490.0,2.0,12.6,1,0.9997798265956984,1,High
ACC_02939,2025-12-06,20,20,20.0,0.0,0.0,0.0,0.0,20.0,1,0.9997798265956984,1,High
ACC_02958,2025-09-20,1684,52,240.0,12000.0,1.0,0.0,0.0,20.0,1,0.9997798265956984,1,High
ACC_02977,2025-09-27,1203,90,194.0,2490.0,2.0,0.0,0.0,11.411764705882353,1,0.9997798265956984,1,High
ACC_02992,2025-11-06,107,32,35.0,11200.0,4.0,11200.0,4.0,2.0999999999999996,1,0.9997798265956984,1,High
ACC_03056,2025-10-27,107,66,74.0,8080.0,5.0,8080.0,5.0,19.733333333333334,1,0.9997798265956984,1,High
ACC_03060,2025-10-28,157,136,138.0,25500.0,3.0,0.0,0.0,15.333333333333334,1,0.9997798265956984,1,High
ACC_08989,2025-09-29,1850,120,190.0,2990.0,3.0,0.0,0.0,0.6178861788617886,1,0.9997798265956984,1,High
ACC_08998,2025-09-28,1973,1440,1506.0,3190.0,4.0,0.0,0.0,17.178707224334598,1,0.9997798265956984,1,High
ACC_09018,2025-11-17,310,163,185.0,2490.0,2.0,0.0,0.0,5.967741935483871,1,0.9997798265956984,1,High
ACC_09056,2025-12-01,34,32,32.0,20120.0,8.0,20120.0,8.0,20.0,1,0.9997798265956984,1,High
ACC_09120,2025-11-27,1000,247,404.0,16470.0,5.0,0.0,0.0,2.8202443280977314,1,0.9997798265956984,1,High
ACC_08900,2025-09-17,1511,1222,1270.0,36000.0,3.0,0.0,0.0,10.995670995670995,1,0.9997798265956984,1,High
ACC_08948,2025-11-22,561,138,363.0,2800.0,1.0,0.0,0.0,20.0,1,0.9997798265956984,1,High
ACC_08958,2025-11-27,807,567,587.0,14800.0,2.0,0.0,0.0,6.905882352941177,1,0.9997798265956984,1,High
ACC_03094,2025-09-21,1800,359,509.0,22600.0,7.0,0.0,0.0,2.5663865546218485,1,0.9997798265956984,1,High
ACC_03116,2025-10-03,1029,162,304.0,16790.0,5.0,0.0,0.0,1.8396369137670197,1,0.9997798265956984,1,High
ACC_03130,2025-10-02,227,176,179.0,2340.0,4.0,0.0,0.0,12.785714285714286,1,0.9997798265956984,1,High
ACC_03260,2025-10-23,98,78,82.0,15000.0,3.0,8.99400399733511,1.0,18.22222222222222,1,0.9997798265956984,1,High
ACC_03295,2025-10-31,178,82,87.0,28790.0,6.0,0.10772959870724481,0.16666666666666666,5.37037037037037,1,0.9997798265956984,1,High
ACC_03302,2025-11-29,588,310,331.0,6280.0,4.0,0.0,0.0,6.532894736842105,1,0.9997798265956984,1,High
ACC_05812,2025-11-16,103,99,99.0,6830.0,6.0,0.0,0.0,20.0,1,0.9997798265956984,1,High
ACC_05821,2025-12-08,310,117,195.0,39980.0,7.0,0.0,0.0,10.353982300884956,1,0.9997798265956984,1,High
ACC_05369,2025-11-25,896,365,471.0,4150.0,4.0,0.0,0.0,8.88679245283019,1,0.9997798265956984,1,High
ACC_05518,2025-11-04,483,211,214.0,16490.0,5.0,0.0,0.0,5.1878787878787875,1,0.9997798265956984,1,High
ACC_05608,2025-10-03,200,58,79.0,15650.0,4.0,0.0330011220381493,0.25,2.5483870967741935,1,0.9997798265956984,1,High
ACC_05616,2025-10-04,1207,250,1050.0,12350.0,2.0,0.0,0.0,11.052631578947368,1,0.9997798265956984,1,High
ACC_05624,2025-10-07,170,77,82.0,31450.0,6.0,0.6169348619608246,0.16666666666666666,5.0,1,0.9997798265956984,1,High
ACC_03406,2025-11-30,714,148,237.0,3480.0,3.0,0.0,0.0,3.0980392156862746,1,0.9997798265956984,1,High
ACC_03415,2025-11-08,88,42,56.0,2000.0,2.0,2000.0,2.0,2.5454545454545454,1,0.9997798265956984,1,High
ACC_03440,2025-11-14,2001,1326,1465.0,7650.0,7.0,0.0,0.0,18.544303797468356,1,0.9997798265956984,1,High
ACC_03494,2025-11-24,823,722,766.0,14500.0,4.0,0.0,0.0,20.0,1,0.9997798265956984,1,High
ACC_03509,2025-11-29,826,279,331.0,1340.0,2.0,0.0,0.0,0.8897849462365591,1,0.9997798265956984,1,High
ACC_03551,2025-11-13,225,187,189.0,19650.0,6.0,0.0,0.0,20.0,1,0.9997798265956984,1,High
ACC_08767,2025-10-08,299,119,142.0,8590.0,5.0,0.0,0.0,4.028368794326241,1,0.9997798265956984,1,High
ACC_08801,2025-09-14,161,93,109.0,19090.0,5.0,0.0,0.0,8.89795918367347,1,0.9997798265956984,1,High
ACC_05110,2025-10-08,467,104,133.0,1990.0,3.0,0.0,0.0,1.52,1,0.9997798265956984,1,High
ACC_05252,2025-10-03,196,56,58.0,5040.0,6.0,0.9760878087024696,0.4,2.6126126126126126,1,0.9997798265956984,1,High
ACC_05269,2025-11-22,154,146,148.0,4300.0,2.0,0.0,0.0,20.0,1,0.9997798265956984,1,High
ACC_05324,2025-09-14,1790,1177,1305.0,3320.0,4.0,0.0,0.0,13.93238434163701,1,0.9997798265956984,1,High
ACC_05341,2025-10-16,111,101,105.0,1850.0,2.0,0.0,0.0,20.0,1,0.9997798265956984,1,High
ACC_05352,2025-10-21,225,125,146.0,3480.0,3.0,0.0,0.0,4.5625,1,0.9997798265956984,1,High
ACC_08282,2025-09-19,1901,1763,1797.0,10080.0,7.0,0.0,0.0,20.0,1,0.9997798265956984,1,High
ACC_08286,2025-10-02,506,307,311.0,28790.0,6.0,0.0,0.0,9.255952380952381,1,0.9997798265956984,1,High
ACC_08333,2025-09-12,2027,1389,1457.0,3320.0,4.0,0.0,0.0,11.78167115902965,1,0.9997798265956984,1,High
ACC_04057,2025-11-10,325,68,78.0,10250.0,5.0,0.4705091581246849,0.25,2.6,1,0.9997798265956984,1,High
ACC_04070,2025-09-10,1700,407,687.0,2500.0,3.0,0.0,0.0,5.540322580645161,1,0.9997798265956984,1,High
ACC_04128,2025-10-14,294,30,124.0,14990.0,4.0,0.0,0.0,2.2409638554216866,1,0.9997798265956984,1,High
ACC_03629,2025-09-11,290,197,215.0,13990.0,4.0,0.0,0.0,9.347826086956522,1,0.9997798265956984,1,High
ACC_03681,2025-09-10,1216,582,1169.0,3650.0,3.0,0.0,0.0,20.0,1,0.9997798265956984,1,High
ACC_03683,2025-10-09,127,74,106.0,14800.0,2.0,0.0,0.0,5.0476190476190474,1,0.9997798265956984,1,High
ACC_03705,2025-10-24,749,723,743.0,2800.0,1.0,0.0,0.0,20.0,1,0.9997798265956984,1,High
ACC_03802,2025-10-11,1075,916,987.0,2000.0,2.0,0.0,0.0,20.0,1,0.9997798265956984,1,High
ACC_03819,2025-09-15,799,758,784.0,4800.0,3.0,0.0,0.0,20.0,1,0.9997798265956984,1,High
ACC_03353,2025-10-18,98,90,90.0,14840.0,4.0,0.0,0.0,20.0,1,0.9997798265956984,1,High
ACC_08353,2025-12-06,1709,989,1346.0,4800.0,3.0,0.0,0.0,7.894428152492669,1,0.9997798265956984,1,High
ACC_08400,2025-10-01,773,209,302.0,1840.0,3.0,0.0,0.0,1.7507246376811594,1,0.9997798265956984,1,High
ACC_08459,2025-11-21,1760,479,1252.0,2190.0,4.0,0.0,0.0,12.73220338983051,1,0.9997798265956984,1,High
ACC_04870,2025-12-08,1,1,1.0,12850.0,3.0,12850.0,3.0,1.0,1,0.9997798265956984,1,High
ACC_04907,2025-12-04,923,286,465.0,13050.0,4.0,0.0,0.0,3.963068181818182,1,0.9997798265956984,1,High
ACC_04967,2025-11-25,337,258,337.0,0.0,0.0,0.0,0.0,20.0,1,0.9997798265956984,1,High
ACC_04984,2025-09-17,92,45,48.0,26490.0,4.0,26490.0,4.0,5.142857142857142,1,0.9997798265956984,1,High
ACC_04990,2025-10-12,582,426,502.0,13850.0,3.0,0.0,0.0,20.0,1,0.9997798265956984,1,High
ACC_08540,2025-09-24,752,102,102.0,5650.0,5.0,0.0,0.0,0.780114722753346,1,0.9997798265956984,1,High
ACC_08543,2025-11-04,57,55,55.0,4990.0,5.0,4990.0,5.0,20.0,1,0.9997798265956984,1,High
ACC_08551,2025-10-17,159,134,135.0,16330.0,6.0,0.0,0.0,20.0,1,0.9997798265956984,1,High
ACC_08560,2025-09-20,456,173,176.0,3470.0,4.0,0.0,0.0,2.209205020920502,1,0.9997798265956984,1,High
ACC_08564,2025-11-10,397,252,270.0,6450.0,4.0,0.0,0.0,6.585365853658536,1,0.9997798265956984,1,High
ACC_08583,2025-12-04,2163,1330,1410.0,14840.0,4.0,0.0,0.0,6.042857142857143,1,0.9997798265956984,1,High
ACC_08697,2025-10-12,251,55,100.0,17340.0,7.0,0.0,0.0,5.172413793103448,1,0.9997798265956984,1,High
ACC_03898,2025-09-13,901,648,750.0,25500.0,3.0,0.0,0.0,20.0,1,0.9997798265956984,1,High
ACC_03900,2025-11-17,1374,387,496.0,17000.0,5.0,0.0,0.0,2.413625304136253,1,0.9997798265956984,1,High
ACC_03941,2025-10-30,52,40,41.0,1840.0,3.0,1840.0,3.0,9.11111111111111,1,0.9997798265956984,1,High
ACC_03956,2025-10-08,142,136,136.0,16140.0,4.0,0.0,0.0,20.0,1,0.9997798265956984,1,High
ACC_04996,2025-11-01,1095,886,892.0,41290.0,8.0,0.0,0.0,20.0,1,0.9997798265956984,1,High
ACC_04999,2025-11-18,171,37,53.0,5000.0,4.0,0.587115201523326,0.6666666666666666,2.2083333333333335,1,0.9997798265956984,1,High
ACC_04641,2025-09-24,76,45,49.0,5990.0,5.0,5990.0,5.0,8.521739130434783,1,0.9997798265956984,1,High
ACC_04707,2025-10-06,1122,77,560.0,13500.0,2.0,0.0,0.0,3.971631205673759,1,0.9997798265956984,1,High
ACC_04774,2025-10-06,1065,997,1016.0,18000.0,7.0,0.0,0.0,20.0,1,0.9997798265956984,1,High
ACC_04776,2025-09-14,1720,186,356.0,17150.0,5.0,0.0,0.0,1.2480280455740578,1,0.9997798265956984,1,High
ACC_04788,2025-09-19,766,581,611.0,15340.0,5.0,0.0,0.0,19.09375,1,0.9997798265956984,1,High
ACC_04817,2025-10-10,177,174,174.0,10430.0,8.0,0.0,0.0,20.0,1,0.9997798265956984,1,High
ACC_04234,2025-10-16,78,30,42.0,13340.0,3.0,13340.0,3.0,2.625,1,0.9997798265956984,1,High
ACC_04270,2025-11-03,1303,538,719.0,25340.0,4.0,0.0,0.0,4.569915254237288,1,0.9997798265956984,1,High
ACC_04272,2025-09-10,1417,226,986.0,500.0,1.0,0.0,0.0,20.0,1,0.9997798265956984,1,High
ACC_04312,2025-12-03,151,59,68.0,12990.0,2.0,0.08249312557286893,0.5,1.096774193548387,1,0.9997798265956984,1,High
ACC_04322,2025-10-23,437,206,401.0,990.0,1.0,0.0,0.0,20.0,1,0.9997798265956984,1,High
ACC_04328,2025-11-27,1852,1631,1659.0,12700.0,3.0,0.0,0.0,19.179190751445088,1,0.9997798265956984,1,High
ACC_08483,2025-11-05,1449,1437,1441.0,2200.0,3.0,0.0,0.0,20.0,1,0.9997798265956984,1,High
ACC_08504,2025-11-07,123,44,51.0,2840.0,3.0,2840.0,3.0,4.25,1,0.9997798265956984,1,High
ACC_08518,2025-11-25,1844,1256,1288.0,8590.0,5.0,0.0,0.0,10.622680412371134,1,0.9997798265956984,1,High
ACC_08534,2025-10-11,635,238,299.0,18490.0,7.0,0.0,0.0,5.881967213114754,1,0.9997798265956984,1,High
ACC_04494,2025-09-13,1207,111,387.0,500.0,1.0,0.0,0.0,20.0,1,0.9997798265956984,1,High
ACC_04518,2025-10-18,624,60,301.0,2330.0,3.0,0.0,0.0,2.4979253112033195,1,0.9997798265956984,1,High
ACC_04525,2025-10-30,45,39,39.0,3150.0,2.0,3150.0,2.0,6.5,1,0.9997798265956984,1,High
ACC_04528,2025-09-16,1003,408,427.0,5800.0,3.0,0.0,0.0,1.6266666666666667,1,0.9997798265956984,1,High
ACC_04554,2025-10-18,1325,884,1040.0,4300.0,4.0,0.0,0.0,15.294117647058824,1,0.9997798265956984,1,High
ACC_04586,2025-09-25,243,140,146.0,2990.0,3.0,0.0,0.0,9.733333333333333,1,0.9997798265956984,1,High
ACC_04618,2025-10-08,281,163,199.0,30940.0,6.0,0.0,0.0,20.0,1,0.9997798265956984,1,High
ACC_04144,2025-11-29,42,40,40.0,18140.0,6.0,18140.0,6.0,20.0,1,0.9997798265956984,1,High
ACC_00199,2025-12-07,311,53,72.0,4000.0,4.0,0.998003992015968,0.5,0.9557522123893806,1,0.9997798265956984,1,High
ACC_00250,2025-12-06,110,43,58.0,13340.0,3.0,0.0801554529997571,0.3333333333333333,2.697674418604651,1,0.9997798265956984,1,High
ACC_00253,2025-12-08,1052,592,691.0,27150.0,4.0,0.0,0.0,5.823033707865168,1,0.9997798265956984,1,High
ACC_00257,2025-09-22,2013,1426,1558.0,18490.0,7.0,0.0,0.0,20.0,1,0.9997798265956984,1,High
ACC_00265,2025-12-02,757,511,560.0,2350.0,3.0,0.0,0.0,16.71641791044776,1,0.9997798265956984,1,High
ACC_09814,2025-09-23,175,80,84.0,16640.0,5.0,2.585649644473174,0.2,6.222222222222222,1,0.9997798265956984,1,High
ACC_09837,2025-09-29,115,35,57.0,8590.0,5.0,2.067118886112103,2.0,5.181818181818182,1,0.9997798265956984,1,High
ACC_09842,2025-11-17,2116,35,164.0,9590.0,7.0,0.0,0.0,0.5192612137203166,1,0.9997798265956984,1,High
ACC_09852,2025-09-15,1083,844,913.0,13500.0,2.0,0.0,0.0,6.086666666666667,1,0.9997798265956984,1,High
ACC_09916,2025-09-29,374,310,327.0,27150.0,4.0,0.0,0.0,20.0,1,0.9997798265956984,1,High
ACC_09922,2025-10-30,337,295,297.0,36960.0,14.0,0.0,0.0,20.0,1,0.9997798265956984,1,High
ACC_00400,2025-12-08,6,6,6.0,15700.0,5.0,15700.0,5.0,6.0,1,0.9997798265956984,1,High
ACC_00432,2025-10-17,715,545,646.0,500.0,1.0,0.0,0.0,20.0,1,0.9997798265956984,1,High
ACC_09618,2025-11-24,803,399,413.0,3300.0,2.0,0.0,0.0,8.978260869565217,1,0.9997798265956984,1,High
ACC_09628,2025-09-23,905,835,842.0,28650.0,5.0,0.0,0.0,20.0,1,0.9997798265956984,1,High
ACC_09670,2025-12-08,26,26,26.0,6470.0,6.0,6470.0,6.0,20.0,1,0.9997798265956984,1,High
ACC_09701,2025-11-20,1128,573,753.0,26490.0,4.0,0.0,0.0,6.206043956043956,1,0.9997798265956984,1,High
ACC_09704,2025-11-04,85,60,62.0,16700.0,7.0,16700.0,7.0,16.17391304347826,1,0.9997798265956984,1,High
ACC_09726,2025-09-22,88,52,60.0,1340.0,2.0,1340.0,2.0,4.615384615384615,1,0.9997798265956984,1,High
ACC_09747,2025-11-21,1433,441,546.0,16000.0,5.0,0.0,0.0,2.6440677966101696,1,0.9997798265956984,1,High
ACC_09750,2025-10-27,598,359,371.0,14840.0,4.0,0.0,0.0,5.8578947368421055,1,0.9997798265956984,1,High
ACC_00448,2026-01-01,578,177,281.0,15500.0,4.0,0.0,0.0,3.920930232558139,1,0.9996917312091246,1,High
ACC_00438,2025-12-14,219,195,196.0,31800.0,7.0,0.0,0.0,20.0,1,0.9996917312091246,1,High
ACC_00428,2025-12-26,494,150,180.0,700.0,2.0,0.0,0.0,2.903225806451613,1,0.9996917312091246,1,High
ACC_00420,2025-12-27,139,63,63.0,18270.0,6.0,3.2579818224190165,0.75,4.2,1,0.9996917312091246,1,High
ACC_00399,2026-02-12,813,234,514.0,1850.0,2.0,0.0,0.0,3.5448275862068965,1,0.9996917312091246,1,High
ACC_00391,2026-01-25,2121,2053,2054.0,3690.0,7.0,0.0,0.0,20.0,1,0.9996917312091246,1,High
ACC_09912,2026-02-03,1848,1645,1650.0,15490.0,5.0,0.0,0.0,20.0,1,0.9996917312091246,1,High
ACC_09861,2026-02-02,1838,1301,1340.0,26800.0,3.0,0.0,0.0,5.480572597137014,1,0.9996917312091246,1,High
ACC_09801,2026-02-01,502,399,419.0,19280.0,7.0,0.0,0.0,20.0,1,0.9996917312091246,1,High
ACC_00248,2025-12-23,1375,622,708.0,9740.0,5.0,0.0,0.0,5.121157323688969,1,0.9996917312091246,1,High
ACC_00227,2025-12-28,269,76,91.0,17150.0,5.0,0.0,0.0,2.3037974683544302,1,0.9996917312091246,1,High
ACC_04583,2026-01-08,747,580,626.0,850.0,2.0,0.0,0.0,20.0,1,0.9996917312091246,1,High
ACC_04579,2025-12-27,608,162,215.0,15650.0,4.0,0.0,0.0,2.8043478260869565,1,0.9996917312091246,1,High
ACC_04574,2025-12-11,1384,138,531.0,1500.0,1.0,0.0,0.0,20.0,1,0.9996917312091246,1,High
ACC_04559,2026-01-12,889,574,592.0,5290.0,3.0,0.0,0.0,4.040955631399317,1,0.9996917312091246,1,High
ACC_04546,2026-01-12,551,313,448.0,1500.0,1.0,0.0,0.0,20.0,1,0.9996917312091246,1,High
ACC_04521,2025-12-28,1428,1132,1180.0,13990.0,4.0,0.0,0.0,14.75,1,0.9996917312091246,1,High
ACC_04510,2026-01-19,20,20,20.0,12990.0,2.0,12990.0,2.0,20.0,1,0.9996917312091246,1,High
ACC_04818,2026-01-11,1634,946,950.0,6680.0,8.0,0.0,0.0,13.03921568627451,1,0.9996917312091246,1,High
ACC_08496,2026-01-22,319,35,48.0,6650.0,5.0,0.10602847621932748,0.3333333333333333,0.8847926267281107,1,0.9996917312091246,1,High
ACC_08464,2025-12-09,1182,365,912.0,990.0,1.0,0.0,0.0,20.0,1,0.9996917312091246,1,High
ACC_04448,2025-12-26,1253,247,1253.0,0.0,0.0,0.0,0.0,20.0,1,0.9996917312091246,1,High
ACC_04343,2025-12-22,474,441,445.0,5650.0,5.0,0.0,0.0,20.0,1,0.9996917312091246,1,High
ACC_04238,2026-01-11,266,124,179.0,17290.0,4.0,0.0,0.0,7.356164383561644,1,0.9996917312091246,1,High
ACC_04201,2026-02-06,871,732,776.0,1000.0,2.0,0.0,0.0,20.0,1,0.9996917312091246,1,High
ACC_04763,2025-12-13,760,263,332.0,10070.0,6.0,0.0,0.0,4.868035190615836,1,0.9996917312091246,1,High
ACC_04665,2026-01-03,1942,1541,1942.0,0.0,0.0,0.0,0.0,20.0,1,0.9996917312091246,1,High
ACC_04664,2026-01-09,1794,673,1014.0,37850.0,5.0,0.0,0.0,6.298136645962733,1,0.9996917312091246,1,High
ACC_04654,2026-02-09,103,42,43.0,22730.0,7.0,8.751608751608751,1.0,4.777777777777778,1,0.9996917312091246,1,High
ACC_04625,2026-01-14,450,165,212.0,4520.0,7.0,0.0,0.0,7.3526011560693645,1,0.9996917312091246,1,High
ACC_04622,2026-02-11,636,357,382.0,350.0,1.0,0.0,0.0,20.0,1,0.9996917312091246,1,High
ACC_04621,2026-02-09,138,105,120.0,27790.0,4.0,0.0,0.0,20.0,1,0.9996917312091246,1,High
ACC_05023,2026-01-04,1233,428,434.0,27990.0,5.0,0.0,0.0,3.866369710467706,1,0.9996917312091246,1,High
ACC_04037,2026-01-12,129,48,56.0,7650.0,7.0,4.66321243523316,1.0,4.602739726027398,1,0.9996917312091246,1,High
ACC_04002,2025-12-11,885,871,881.0,350.0,1.0,0.0,0.0,20.0,1,0.9996917312091246,1,High
ACC_03971,2025-12-21,1409,912,920.0,15800.0,4.0,0.0,0.0,10.072992700729927,1,0.9996917312091246,1,High
ACC_03861,2026-01-28,607,419,473.0,22640.0,9.0,0.0,0.0,20.0,1,0.9996917312091246,1,High
ACC_08641,2026-01-14,2060,973,1107.0,19640.0,7.0,0.0,0.0,7.9831730769230775,1,0.9996917312091246,1,High
ACC_04943,2025-12-15,832,734,744.0,7100.0,3.0,0.0,0.0,19.57894736842105,1,0.9996917312091246,1,High
ACC_04940,2026-01-14,1131,1087,1092.0,6300.0,4.0,0.0,0.0,20.0,1,0.9996917312091246,1,High
ACC_04939,2025-12-16,1545,945,987.0,2840.0,3.0,0.0,0.0,4.898263027295285,1,0.9996917312091246,1,High
ACC_04847,2025-12-11,687,391,511.0,14700.0,5.0,0.0,0.0,11.74712643678161,1,0.9996917312091246,1,High
ACC_08462,2026-02-07,280,118,133.0,38330.0,6.0,0.0,0.0,4.784172661870503,1,0.9996917312091246,1,High
ACC_08455,2026-02-12,1126,588,1126.0,0.0,0.0,0.0,0.0,20.0,1,0.9996917312091246,1,High
ACC_08450,2026-02-11,886,501,613.0,15490.0,5.0,0.0,0.0,13.931818181818182,1,0.9996917312091246,1,High
ACC_08368,2026-01-01,1569,1019,1152.0,16490.0,5.0,0.0,0.0,16.516129032258064,1,0.9996917312091246,1,High
ACC_03790,2026-01-31,1945,975,1945.0,0.0,0.0,0.0,0.0,20.0,1,0.9996917312091246,1,High
ACC_03715,2026-01-30,514,219,253.0,2000.0,2.0,0.0,0.0,1.3675675675675676,1,0.9996917312091246,1,High
ACC_03706,2026-02-15,227,176,182.0,3750.0,7.0,0.0,0.0,20.0,1,0.9996917312091246,1,High
ACC_03697,2026-01-23,6,6,6.0,39480.0,6.0,39480.0,6.0,6.0,1,0.9996917312091246,1,High
ACC_03607,2026-01-30,340,35,101.0,32430.0,8.0,0.0,0.0,3.5888324873096447,1,0.9996917312091246,1,High
ACC_03591,2025-12-28,44,38,38.0,5770.0,4.0,5770.0,4.0,20.0,1,0.9996917312091246,1,High
ACC_08283,2026-01-07,4,4,4.0,16800.0,4.0,16800.0,4.0,4.0,1,0.9996917312091246,1,High
ACC_05366,2025-12-29,838,284,324.0,15500.0,4.0,0.0,0.0,10.92134831460674,1,0.9996917312091246,1,High
ACC_05336,2025-12-18,112,66,68.0,13200.0,4.0,14.512338425381904,0.6666666666666666,7.03448275862069,1,0.9996917312091246,1,High
ACC_05255,2025-12-13,434,206,208.0,20090.0,5.0,0.0,0.0,3.6977777777777776,1,0.9996917312091246,1,High
ACC_05205,2026-01-11,247,121,135.0,7140.0,5.0,0.0,0.0,9.0,1,0.9996917312091246,1,High
ACC_05111,2026-02-05,1662,798,1133.0,1500.0,1.0,0.0,0.0,20.0,1,0.9996917312091246,1,High
ACC_05683,2026-02-11,1330,229,544.0,5350.0,7.0,0.0,0.0,4.25,1,0.9996917312091246,1,High
ACC_08847,2026-01-09,186,173,173.0,25500.0,3.0,0.0,0.0,20.0,1,0.9996917312091246,1,High
ACC_08755,2026-02-06,1473,681,882.0,17000.0,5.0,0.0,0.0,6.594392523364486,1,0.9996917312091246,1,High
ACC_08725,2025-12-18,96,88,88.0,14190.0,5.0,0.025287190231919658,0.2,20.0,1,0.9996917312091246,1,High
ACC_08722,2026-02-04,401,32,76.0,8900.0,4.0,0.8482278097546199,0.3333333333333333,0.9785407725321887,1,0.9996917312091246,1,High
ACC_08701,2026-01-16,833,59,342.0,16300.0,3.0,0.0,0.0,1.9431818181818181,1,0.9996917312091246,1,High
ACC_03516,2025-12-18,852,83,590.0,3500.0,3.0,0.0,0.0,7.515923566878981,1,0.9996917312091246,1,High
ACC_03493,2026-01-14,2,2,2.0,16800.0,4.0,16800.0,4.0,2.0,1,0.9996917312091246,1,High
ACC_03444,2026-02-14,1752,540,542.0,5150.0,4.0,0.0,0.0,2.1089494163424125,1,0.9996917312091246,1,High
ACC_05675,2026-01-31,7,7,7.0,14200.0,4.0,14200.0,4.0,7.0,1,0.9996917312091246,1,High
ACC_05659,2025-12-18,225,169,180.0,28650.0,5.0,0.0,0.0,16.74418604651163,1,0.9996917312091246,1,High
ACC_05607,2026-01-08,107,54,89.0,1050.0,3.0,0.4992867332382311,0.3333333333333333,17.8,1,0.9996917312091246,1,High
ACC_05534,2026-02-14,1738,1697,1714.0,5290.0,3.0,0.0,0.0,20.0,1,0.9996917312091246,1,High
ACC_05490,2026-01-19,386,92,213.0,1500.0,1.0,0.0,0.0,20.0,1,0.9996917312091246,1,High
ACC_05467,2026-01-21,755,384,431.0,30480.0,9.0,0.0,0.0,11.12258064516129,1,0.9996917312091246,1,High
ACC_05427,2026-02-06,407,223,378.0,26500.0,5.0,0.0,0.0,20.0,1,0.9996917312091246,1,High
ACC_05402,2026-02-05,281,133,135.0,6500.0,5.0,0.0,0.0,3.9416058394160585,1,0.9996917312091246,1,High
ACC_05819,2026-01-11,1252,818,925.0,25690.0,5.0,0.0,0.0,14.23076923076923,1,0.9996917312091246,1,High
ACC_02890,2026-02-05,40,32,32.0,35940.0,10.0,35940.0,10.0,20.0,1,0.9996917312091246,1,High
ACC_02886,2026-02-06,1632,316,1331.0,990.0,1.0,0.0,0.0,20.0,1,0.9996917312091246,1,High
ACC_03327,2026-01-18,1873,1417,1643.0,9090.0,6.0,0.0,0.0,20.0,1,0.9996917312091246,1,High
ACC_03323,2026-01-23,239,239,239.0,6100.0,3.0,0.0,0.0,20.0,1,0.9996917312091246,1,High
ACC_03206,2025-12-25,1518,326,372.0,2700.0,4.0,0.0,0.0,5.142857142857143,1,0.9996917312091246,1,High
ACC_03197,2025-12-21,1366,1346,1346.0,1850.0,2.0,0.0,0.0,20.0,1,0.9996917312091246,1,High
ACC_08946,2025-12-16,60,46,51.0,3670.0,5.0,3670.0,5.0,20.0,1,0.9996917312091246,1,High
ACC_09096,2026-01-15,137,137,137.0,10770.0,8.0,0.0,0.0,20.0,1,0.9996917312091246,1,High
ACC_03038,2025-12-14,880,447,544.0,14970.0,4.0,0.0,0.0,4.930513595166163,1,0.9996917312091246,1,High
ACC_02980,2026-02-13,134,84,100.0,18590.0,4.0,0.0,0.0,9.090909090909092,1,0.9996917312091246,1,High
ACC_02923,2025-12-14,581,498,512.0,21930.0,8.0,0.0,0.0,20.0,1,0.9996917312091246,1,High
ACC_05808,2025-12-31,7,7,7.0,4800.0,3.0,4800.0,3.0,7.0,1,0.9996917312091246,1,High
ACC_05788,2025-12-09,187,65,88.0,17130.0,5.0,5.148005148005148,0.25,3.5555555555555554,1,0.9996917312091246,1,High
ACC_05754,2025-12-22,273,108,158.0,3650.0,3.0,0.0,0.0,2.981132075471698,1,0.9996917312091246,1,High
ACC_05710,2026-01-06,674,196,331.0,26830.0,6.0,0.0,0.0,5.171875,1,0.9996917312091246,1,High
ACC_08265,2025-12-09,47,33,34.0,18650.0,6.0,18650.0,6.0,18.88888888888889,1,0.9996917312091246,1,High
ACC_08203,2026-01-21,540,528,528.0,32630.0,9.0,0.0,0.0,20.0,1,0.9996917312091246,1,High
ACC_08188,2025-12-24,1964,1082,1135.0,13490.0,3.0,0.0,0.0,2.8410513141426783,1,0.9996917312091246,1,High
ACC_02836,2026-02-02,28,28,28.0,15650.0,4.0,15650.0,4.0,20.0,1,0.9996917312091246,1,High
ACC_02826,2025-12-21,376,257,258.0,2350.0,3.0,0.0,0.0,6.972972972972973,1,0.9996917312091246,1,High
ACC_02782,2026-02-06,514,226,397.0,3650.0,3.0,0.0,0.0,10.586666666666666,1,0.9996917312091246,1,High
ACC_02734,2025-12-17,1528,802,929.0,8300.0,8.0,0.0,0.0,13.777542372881355,1,0.9996917312091246,1,High
ACC_09163,2025-12-21,895,251,506.0,24500.0,3.0,0.0,0.0,3.212698412698413,1,0.9996917312091246,1,High
ACC_08160,2026-02-11,28,28,28.0,20440.0,8.0,20440.0,8.0,20.0,1,0.9996917312091246,1,High
ACC_08133,2025-12-25,229,107,127.0,2400.0,6.0,0.0,0.0,6.54639175257732,1,0.9996917312091246,1,High
ACC_08110,2026-01-12,1419,281,867.0,2350.0,3.0,0.0,0.0,8.296650717703349,1,0.9996917312091246,1,High
ACC_08102,2026-01-28,27,27,27.0,1000.0,2.0,1000.0,2.0,20.0,1,0.9996917312091246,1,High
ACC_08101,2026-01-11,155,104,127.0,4640.0,4.0,0.0,0.0,20.0,1,0.9996917312091246,1,High
ACC_05988,2026-01-29,17,17,17.0,13980.0,3.0,13980.0,3.0,17.0,1,0.9996917312091246,1,High
ACC_05971,2026-02-13,376,187,212.0,19130.0,7.0,0.0,0.0,9.709923664122138,1,0.9996917312091246,1,High
ACC_05945,2026-02-03,56,54,54.0,5600.0,2.0,5600.0,2.0,20.0,1,0.9996917312091246,1,High
ACC_02569,2025-12-10,251,209,209.0,32130.0,10.0,0.0,0.0,20.0,1,0.9996917312091246,1,High
ACC_02542,2025-12-18,1452,1227,1247.0,8130.0,6.0,0.0,0.0,20.0,1,0.9996917312091246,1,High
ACC_02536,2026-01-04,1067,701,728.0,7800.0,5.0,0.0,0.0,8.987654320987655,1,0.9996917312091246,1,High
ACC_02528,2026-01-26,1272,73,314.0,7090.0,4.0,0.0,0.0,1.1432038834951455,1,0.9996917312091246,1,High
ACC_02498,2026-02-13,1158,737,843.0,15790.0,3.0,0.0,0.0,6.825910931174089,1,0.9996917312091246,1,High
ACC_02452,2025-12-23,1998,608,615.0,21890.0,6.0,0.0,0.0,2.303370786516854,1,0.9996917312091246,1,High
ACC_02430,2025-12-22,1399,919,928.0,19150.0,7.0,0.0,0.0,13.132075471698112,1,0.9996917312091246,1,High
ACC_02383,2026-01-20,596,445,472.0,17650.0,6.0,0.0,0.0,20.0,1,0.9996917312091246,1,High
ACC_02882,2026-01-16,990,808,814.0,28400.0,10.0,0.0,0.0,20.0,1,0.9996917312091246,1,High
ACC_02382,2025-12-11,2090,807,836.0,31640.0,8.0,0.0,0.0,6.52396878483835,1,0.9996917312091246,1,High
ACC_02372,2025-12-16,173,158,161.0,4290.0,3.0,0.0,0.0,20.0,1,0.9996917312091246,1,High
ACC_02357,2025-12-28,1091,797,911.0,1500.0,1.0,0.0,0.0,20.0,1,0.9996917312091246,1,High
ACC_02354,2026-02-02,585,257,297.0,5640.0,4.0,0.0,0.0,4.868852459016393,1,0.9996917312091246,1,High
ACC_02210,2026-01-30,893,680,803.0,500.0,1.0,0.0,0.0,20.0,1,0.9996917312091246,1,High
ACC_02208,2026-01-13,444,201,226.0,18100.0,4.0,0.0,0.0,6.0,1,0.9996917312091246,1,High
ACC_02198,2026-01-20,300,251,275.0,14840.0,4.0,0.0,0.0,20.0,1,0.9996917312091246,1,High
ACC_02572,2025-12-16,12,12,12.0,21130.0,9.0,21130.0,9.0,12.0,1,0.9996917312091246,1,High
ACC_05856,2025-12-16,1626,571,1589.0,12000.0,1.0,0.0,0.0,20.0,1,0.9996917312091246,1,High
ACC_05845,2025-12-28,465,138,266.0,28150.0,6.0,0.0,0.0,7.26775956284153,1,0.9996917312091246,1,High
ACC_06355,2025-12-25,52,42,46.0,13700.0,5.0,13700.0,5.0,20.0,1,0.9996917312091246,1,High
ACC_06348,2026-01-06,814,776,778.0,19140.0,6.0,0.0,0.0,20.0,1,0.9996917312091246,1,High
ACC_06344,2026-02-04,614,296,477.0,4150.0,4.0,0.0,0.0,14.16831683168317,1,0.9996917312091246,1,High
ACC_06055,2026-01-20,161,38,38.0,14490.0,3.0,0.1154645523824186,0.3333333333333333,0.7102803738317757,1,0.9996917312091246,1,High
ACC_06011,2025-12-17,1704,492,628.0,6800.0,5.0,0.0,0.0,2.5145145145145147,1,0.9996917312091246,1,High
ACC_06648,2026-01-20,546,309,364.0,2840.0,3.0,0.0,0.0,6.169491525423729,1,0.9996917312091246,1,High
ACC_06642,2026-01-04,335,41,131.0,7130.0,6.0,0.0,0.0,3.7643678160919545,1,0.9996917312091246,1,High
ACC_06470,2026-01-27,562,305,328.0,31140.0,7.0,0.0,0.0,9.11111111111111,1,0.9996917312091246,1,High
ACC_06402,2025-12-30,1436,407,1051.0,24000.0,2.0,0.0,0.0,4.911214953271028,1,0.9996917312091246,1,High
ACC_06393,2026-01-12,14,14,14.0,350.0,1.0,350.0,1.0,14.0,1,0.9996917312091246,1,High
ACC_06378,2026-02-10,1327,580,851.0,1490.0,2.0,0.0,0.0,2.4245014245014245,1,0.9996917312091246,1,High
ACC_06863,2026-01-23,2,2,2.0,4290.0,3.0,4290.0,3.0,2.0,1,0.9996917312091246,1,High
ACC_09195,2026-02-14,105,50,72.0,19100.0,4.0,3.4410602185538246,0.6666666666666666,9.818181818181818,1,0.9996917312091246,1,High
ACC_09191,2026-02-02,1422,682,713.0,13200.0,6.0,0.0,0.0,5.844262295081967,1,0.9996917312091246,1,High
ACC_09190,2026-01-23,160,113,122.0,2800.0,1.0,0.0,0.0,20.0,1,0.9996917312091246,1,High
ACC_02099,2026-01-19,1588,1091,1143.0,16340.0,5.0,0.0,0.0,14.2875,1,0.9996917312091246,1,High
ACC_02063,2025-12-11,380,240,250.0,16840.0,6.0,0.0,0.0,19.841269841269842,1,0.9996917312091246,1,High
ACC_01982,2026-01-21,1244,538,840.0,1500.0,1.0,0.0,0.0,20.0,1,0.9996917312091246,1,High
ACC_01976,2025-12-31,42,33,33.0,15980.0,5.0,15980.0,5.0,18.857142857142858,1,0.9996917312091246,1,High
ACC_01938,2025-12-26,183,58,117.0,2200.0,3.0,0.0,0.0,4.105263157894737,1,0.9996917312091246,1,High
ACC_01936,2026-01-19,612,372,374.0,31440.0,7.0,0.0,0.0,10.736842105263158,1,0.9996917312091246,1,High
ACC_01907,2025-12-30,496,281,287.0,15340.0,5.0,0.0,0.0,7.809523809523809,1,0.9996917312091246,1,High
ACC_06840,2026-01-19,1570,134,405.0,15340.0,5.0,0.0,0.0,1.935483870967742,1,0.9996917312091246,1,High
ACC_06835,2026-02-09,1943,357,436.0,7650.0,7.0,0.0,0.0,1.7451634422948632,1,0.9996917312091246,1,High
ACC_06811,2026-02-07,1564,1245,1408.0,7640.0,6.0,0.0,0.0,20.0,1,0.9996917312091246,1,High
ACC_06806,2026-02-03,447,198,426.0,500.0,1.0,0.0,0.0,20.0,1,0.9996917312091246,1,High
ACC_06791,2025-12-29,14,14,14.0,16650.0,4.0,16650.0,4.0,14.0,1,0.9996917312091246,1,High
ACC_06789,2026-01-20,390,111,143.0,2490.0,4.0,0.0,0.0,4.5638297872340425,1,0.9996917312091246,1,High
ACC_06707,2026-02-07,292,69,105.0,19600.0,5.0,0.0,0.0,2.9166666666666665,1,0.9996917312091246,1,High
ACC_08096,2025-12-26,779,551,553.0,15000.0,3.0,0.0,0.0,5.12037037037037,1,0.9996917312091246,1,High
ACC_08087,2026-01-02,775,500,542.0,13490.0,3.0,0.0,0.0,5.211538461538462,1,0.9996917312091246,1,High
ACC_08041,2026-02-06,55,39,53.0,1490.0,2.0,1490.0,2.0,20.0,1,0.9996917312091246,1,High
ACC_01780,2025-12-18,919,46,111.0,20090.0,5.0,0.0,0.0,0.6271186440677966,1,0.9996917312091246,1,High
ACC_09332,2026-01-12,884,443,475.0,31600.0,6.0,0.0,0.0,6.29973474801061,1,0.9996917312091246,1,High
ACC_09326,2026-02-15,60,44,45.0,17190.0,7.0,17190.0,7.0,20.0,1,0.9996917312091246,1,High
ACC_09255,2025-12-21,133,71,92.0,850.0,2.0,0.0,0.0,3.1724137931034484,1,0.9996917312091246,1,High
ACC_09233,2026-01-04,750,286,479.0,1500.0,1.0,0.0,0.0,20.0,1,0.9996917312091246,1,High
ACC_08022,2026-01-17,31,30,31.0,3800.0,3.0,3800.0,3.0,20.0,1,0.9996917312091246,1,High
ACC_07987,2025-12-20,1843,346,379.0,7290.0,5.0,0.0,0.0,1.1484848484848484,1,0.9996917312091246,1,High
ACC_07970,2026-01-18,265,255,255.0,43800.0,8.0,0.0,0.0,20.0,1,0.9996917312091246,1,High
ACC_07943,2026-01-15,155,151,151.0,3200.0,5.0,0.0,0.0,20.0,1,0.9996917312091246,1,High
ACC_07145,2026-01-06,211,85,112.0,18940.0,5.0,0.0,0.0,4.525252525252525,1,0.9996917312091246,1,High
ACC_07082,2026-01-28,1566,829,1183.0,3300.0,2.0,0.0,0.0,20.0,1,0.9996917312091246,1,High
ACC_07016,2026-02-06,1253,658,978.0,500.0,1.0,0.0,0.0,20.0,1,0.9996917312091246,1,High
ACC_01231,2026-02-07,314,148,164.0,27700.0,6.0,0.0,0.0,5.857142857142857,1,0.9996917312091246,1,High
ACC_01210,2026-01-23,655,59,446.0,3190.0,4.0,0.0,0.0,7.77906976744186,1,0.9996917312091246,1,High
ACC_01635,2026-02-01,455,174,201.0,29600.0,4.0,0.0,0.0,2.9130434782608696,1,0.9996917312091246,1,High
ACC_01600,2025-12-13,541,35,177.0,14550.0,5.0,0.0,0.0,2.088495575221239,1,0.9996917312091246,1,High
ACC_01563,2025-12-12,25,25,25.0,39340.0,7.0,39340.0,7.0,20.0,1,0.9996917312091246,1,High
ACC_01560,2026-02-05,205,78,88.0,3500.0,3.0,0.9993337774816788,0.5,1.5575221238938053,1,0.9996917312091246,1,High
ACC_01477,2026-02-05,932,420,471.0,17600.0,3.0,0.0,0.0,2.4854881266490767,1,0.9996917312091246,1,High
ACC_01473,2026-01-12,689,43,302.0,4640.0,4.0,0.0,0.0,2.5811965811965814,1,0.9996917312091246,1,High
ACC_01884,2025-12-21,855,585,613.0,2680.0,4.0,0.0,0.0,8.633802816901408,1,0.9996917312091246,1,High
ACC_09391,2025-12-12,902,403,407.0,17350.0,6.0,0.0,0.0,4.656750572082379,1,0.9996917312091246,1,High
ACC_09387,2025-12-26,1555,601,858.0,26500.0,5.0,0.0,0.0,5.526570048309178,1,0.9996917312091246,1,High
ACC_01396,2026-02-01,424,194,289.0,15000.0,3.0,0.0,0.0,5.7227722772277225,1,0.9996917312091246,1,High
ACC_01323,2026-01-12,1426,1371,1382.0,17650.0,6.0,0.0,0.0,20.0,1,0.9996917312091246,1,High
ACC_01302,2026-02-12,295,229,259.0,2840.0,3.0,0.0,0.0,19.923076923076923,1,0.9996917312091246,1,High
ACC_01242,2025-12-29,141,74,88.0,16300.0,3.0,0.10134450374974664,0.3333333333333333,3.911111111111111,1,0.9996917312091246,1,High
ACC_06967,2026-01-14,2011,1984,1985.0,18290.0,6.0,0.0,0.0,20.0,1,0.9996917312091246,1,High
ACC_06963,2026-01-25,1071,141,933.0,990.0,1.0,0.0,0.0,20.0,1,0.9996917312091246,1,High
ACC_06921,2025-12-14,17,17,17.0,3830.0,4.0,3830.0,4.0,17.0,1,0.9996917312091246,1,High
ACC_07490,2026-02-12,4,4,4.0,2480.0,3.0,2480.0,3.0,4.0,1,0.9996917312091246,1,High
ACC_07436,2025-12-09,144,73,91.0,4300.0,4.0,0.0,0.0,5.352941176470588,1,0.9996917312091246,1,High
ACC_07414,2026-02-10,1713,993,1035.0,1850.0,2.0,0.0,0.0,1.8416370106761566,1,0.9996917312091246,1,High
ACC_07320,2026-01-04,1338,240,377.0,19290.0,6.0,0.0,0.0,2.2547846889952154,1,0.9996917312091246,1,High
ACC_07226,2026-02-09,24,24,24.0,6530.0,8.0,6530.0,8.0,20.0,1,0.9996917312091246,1,High
ACC_01104,2025-12-10,472,383,389.0,27320.0,6.0,0.0,0.0,20.0,1,0.9996917312091246,1,High
ACC_01075,2025-12-09,37,37,37.0,14830.0,5.0,14830.0,5.0,20.0,1,0.9996917312091246,1,High
ACC_01063,2026-02-15,652,177,325.0,19650.0,6.0,0.0,0.0,5.363036303630363,1,0.9996917312091246,1,High
ACC_01057,2025-12-25,242,55,125.0,2850.0,4.0,0.0,0.0,3.605769230769231,1,0.9996917312091246,1,High
ACC_01054,2026-01-08,416,40,94.0,1200.0,3.0,0.0,0.0,1.0804597701149425,1,0.9996917312091246,1,High
ACC_00999,2026-01-30,485,435,446.0,22400.0,6.0,0.0,0.0,20.0,1,0.9996917312091246,1,High
ACC_07186,2026-01-11,1412,1200,1250.0,13340.0,3.0,0.0,0.0,17.482517482517483,1,0.9996917312091246,1,High
ACC_07692,2026-01-28,26,26,26.0,16500.0,4.0,16500.0,4.0,20.0,1,0.9996917312091246,1,High
ACC_07654,2025-12-30,402,208,252.0,14200.0,6.0,0.0,0.0,9.84375,1,0.9996917312091246,1,High
ACC_07604,2026-01-17,39,39,39.0,13350.0,4.0,13350.0,4.0,20.0,1,0.9996917312091246,1,High
ACC_07551,2025-12-09,33,33,33.0,30630.0,7.0,30630.0,7.0,20.0,1,0.9996917312091246,1,High
ACC_07544,2026-01-28,248,219,219.0,33430.0,8.0,0.0,0.0,20.0,1,0.9996917312091246,1,High
ACC_07512,2026-02-06,1246,434,436.0,5630.0,5.0,0.0,0.0,2.463276836158192,1,0.9996917312091246,1,High
ACC_07884,2025-12-25,232,56,133.0,15000.0,5.0,0.0,0.0,6.487804878048781,1,0.9996917312091246,1,High
ACC_07873,2026-01-31,937,389,621.0,4000.0,4.0,0.0,0.0,7.056818181818182,1,0.9996917312091246,1,High
ACC_00468,2025-12-15,318,280,293.0,28300.0,4.0,0.0,0.0,20.0,1,0.9996917312091246,1,High
ACC_00451,2025-12-09,1420,656,709.0,13690.0,4.0,0.0,0.0,3.9171270718232045,1,0.9996917312091246,1,High
ACC_00919,2026-01-19,11,11,11.0,14350.0,4.0,14350.0,4.0,11.0,1,0.9996917312091246,1,High
ACC_00756,2026-02-03,35,33,33.0,2700.0,4.0,2700.0,4.0,20.0,1,0.9996917312091246,1,High
ACC_00726,2026-01-14,54,42,46.0,5300.0,4.0,5300.0,4.0,19.71428571428571,1,0.9996917312091246,1,High
ACC_00384,2026-01-21,124,54,85.0,350.0,1.0,350.0,1.0,20.0,1,0.9996917312091246,1,High
ACC_00325,2026-01-09,17,17,17.0,6590.0,3.0,6590.0,3.0,17.0,1,0.9996917312091246,1,High
ACC_00277,2026-01-12,338,317,329.0,3700.0,4.0,0.0,0.0,20.0,1,0.9996917312091246,1,High
ACC_00271,2025-12-09,380,176,196.0,21890.0,6.0,0.0,0.0,5.474860335195531,1,0.9996917312091246,1,High
ACC_00685,2025-12-20,17,17,17.0,39480.0,6.0,39480.0,6.0,17.0,1,0.9996917312091246,1,High
ACC_00595,2026-02-08,101,51,61.0,4990.0,5.0,13.21937321937322,2.0,6.421052631578948,1,0.9996917312091246,1,High
ACC_00578,2025-12-28,113,40,43.0,7290.0,5.0,1.602998928953945,2.0,2.4927536231884058,1,0.9996917312091246,1,High
ACC_00576,2026-01-02,29,29,29.0,1500.0,1.0,1500.0,1.0,20.0,1,0.9996917312091246,1,High
ACC_00518,2026-02-01,41,35,35.0,41150.0,7.0,41150.0,7.0,20.0,1,0.9996917312091246,1,High
ACC_00513,2026-01-27,149,51,74.0,6150.0,4.0,0.8355714712026261,0.25,3.041095890410959,1,0.9996917312091246,1,High
ACC_07827,2026-01-06,56,31,31.0,20260.0,7.0,20260.0,7.0,7.75,1,0.9996917312091246,1,High
ACC_09972,2026-01-07,837,405,415.0,30850.0,8.0,0.0,0.0,8.25284090909091,1,0.9996917312091246,1,High
ACC_09929,2026-01-05,306,298,300.0,15790.0,3.0,0.0,0.0,20.0,1,0.9996917312091246,1,High
ACC_09761,2026-02-05,46,41,41.0,15790.0,3.0,15790.0,3.0,20.0,1,0.9996917312091246,1,High
ACC_00135,2025-12-15,120,51,66.0,28500.0,5.0,0.18749218782550728,1.0,10.56,1,0.9996917312091246,1,High
ACC_09784,2026-01-01,454,234,262.0,4650.0,3.0,0.0,0.0,3.119047619047619,1,0.9996917312091246,1,High
ACC_00044,2025-12-21,28,28,28.0,14980.0,5.0,14980.0,5.0,20.0,1,0.9996917312091246,1,High
ACC_00105,2026-01-12,189,70,74.0,5300.0,4.0,0.6058770069675856,0.6666666666666666,2.198019801980198,1,0.9996917312091246,1,High
ACC_00068,2026-01-20,2163,34,356.0,31790.0,8.0,0.0,0.0,1.4248141795311606,1,0.9996917312091246,1,High
ACC_00063,2026-02-07,825,540,734.0,16300.0,3.0,0.0,0.0,20.0,1,0.9996917312091246,1,High
ACC_09343,2026-01-26,0,0,0.0,9100.0,5.0,9100.0,5.0,0.0,1,0.00677106377115938,0,Low
ACC_04315,2025-12-26,0,0,0.0,20430.0,7.0,20430.0,7.0,0.0,1,0.00677106377115938,0,Low
ACC_09969,2026-03-05,433,0,88.0,15350.0,4.0,0.11110288126805422,0.3333333333333333,1.76,0,0.0,0,
ACC_07707,2026-03-05,1500,0,610.0,4300.0,2.0,0.0,0.0,1.7732558139534884,0,0.0,0,
ACC_00170,2026-03-04,2080,0,22.0,29640.0,6.0,990.0,1.0,0.05807814149947201,0,0.0,0,
ACC_00258,2026-03-09,248,0,14.0,41650.0,8.0,42.890716803760284,1.3333333333333333,0.4336283185840708,0,0.0,0,
ACC_07807,2026-03-09,1551,0,343.0,14840.0,4.0,0.0,0.0,2.1617647058823533,0,0.0,0,
ACC_07529,2026-03-09,625,0,35.0,5300.0,4.0,500.0,1.0,0.24082568807339447,0,0.0,0,
ACC_07588,2026-03-08,17,0,17.0,0.0,0.0,0.0,0.0,17.0,0,0.0,0,
ACC_07676,2026-03-09,601,0,170.0,6000.0,4.0,0.0,0.0,1.4488636363636365,0,0.0,0,
ACC_07196,2026-03-07,144,0,101.0,12990.0,2.0,0.0,0.0,12.625,0,0.0,0,
ACC_07391,2026-03-08,221,0,7.0,24990.0,3.0,24990.0,3.0,0.208955223880597,0,0.0,0,
ACC_07505,2026-03-05,8,0,6.0,12000.0,1.0,12000.0,1.0,6.0,0,0.0,0,
ACC_07000,2026-03-09,318,0,45.0,1850.0,2.0,1500.0,1.0,0.1939655172413793,0,0.0,0,
ACC_07025,2026-03-04,188,0,19.0,33900.0,6.0,5.052669166220317,1.3333333333333333,0.778688524590164,0,0.0,0,
ACC_07096,2026-03-07,902,0,90.0,2840.0,3.0,0.0,0.0,0.22900763358778625,0,0.0,0,
ACC_07917,2026-03-08,2056,0,314.0,25490.0,4.0,0.0,0.0,0.5836431226765799,0,0.0,0,
ACC_07957,2026-03-09,777,0,24.0,16040.0,7.0,12000.0,1.0,0.20809248554913296,0,0.0,0,
ACC_08070,2026-03-09,327,0,52.0,27300.0,4.0,1.0415798683443047,1.0,1.21875,0,0.0,0,
ACC_06743,2026-03-09,148,0,39.0,350.0,1.0,350.0,1.0,20.0,0,0.0,0,
ACC_07731,2026-03-09,1992,0,134.0,4150.0,4.0,0.0,0.0,0.22234513274336284,0,0.0,0,
ACC_07750,2026-03-05,29,0,15.0,12500.0,2.0,12500.0,2.0,1.1538461538461537,0,0.0,0,
ACC_06790,2026-03-09,1859,0,285.0,3000.0,2.0,0.0,0.0,1.4766839378238341,0,0.0,0,
ACC_06783,2026-03-09,53,0,7.0,700.0,2.0,700.0,2.0,0.16666666666666666,0,0.0,0,
ACC_06436,2026-03-09,1748,0,987.0,16140.0,4.0,0.0,0.0,4.862068965517241,0,0.0,0,
ACC_06904,2026-03-09,1032,0,225.0,4790.0,4.0,0.0,0.0,3.5904255319148937,0,0.0,0,
ACC_06638,2026-03-05,222,0,33.0,26500.0,5.0,0.07406858751203614,0.6666666666666666,0.8571428571428571,0,0.0,0,
ACC_06695,2026-03-05,71,0,30.0,12500.0,2.0,12500.0,2.0,15.0,0,0.0,0,
ACC_06051,2026-03-09,574,0,378.0,4300.0,2.0,0.0,0.0,2.392405063291139,0,0.0,0,
ACC_06360,2026-03-08,1510,0,310.0,5290.0,3.0,0.0,0.0,0.8647140864714087,0,0.0,0,
ACC_05862,2026-03-04,78,0,19.0,2800.0,1.0,2800.0,1.0,19.0,0,0.0,0,
ACC_05949,2026-03-09,1169,0,898.0,350.0,1.0,0.0,0.0,20.0,0,0.0,0,
ACC_05992,2026-03-04,666,0,48.0,13850.0,3.0,34.18803418803419,0.5,0.3037974683544304,0,0.0,0,
ACC_08143,2026-03-04,104,0,32.0,12990.0,2.0,12990.0,2.0,0.9696969696969697,0,0.0,0,
ACC_08217,2026-03-06,809,0,204.0,3150.0,2.0,0.0,0.0,0.8793103448275862,0,0.0,0,
ACC_08246,2026-03-09,1669,0,1129.0,350.0,1.0,0.0,0.0,20.0,0,0.0,0,
ACC_05737,2026-03-09,711,0,25.0,13490.0,3.0,1.9760479041916168,0.5,0.1187648456057007,0,0.0,0,
ACC_06616,2026-03-08,96,0,69.0,500.0,1.0,500.0,1.0,20.0,0,0.0,0,
ACC_05392,2026-03-05,2082,0,280.0,28000.0,6.0,0.0,0.0,0.7909604519774012,0,0.0,0,
ACC_05430,2026-03-06,235,0,111.0,4840.0,5.0,0.0,0.0,3.7948717948717947,0,0.0,0,
ACC_05037,2026-03-09,1789,0,256.0,2840.0,3.0,0.0,0.0,0.39143730886850153,0,0.0,0,
ACC_05147,2026-03-04,1175,0,453.0,7450.0,4.0,0.0,0.0,2.299492385786802,0,0.0,0,
ACC_05227,2026-03-09,1229,0,36.0,15690.0,6.0,350.0,1.0,0.15985790408525755,0,0.0,0,
ACC_05253,2026-03-09,1431,0,505.0,350.0,1.0,0.0,0.0,20.0,0,0.0,0,
ACC_05320,2026-03-08,64,0,0.0,6100.0,3.0,6100.0,3.0,0.0,0,0.0,0,
ACC_08322,2026-03-09,969,0,100.0,6650.0,5.0,0.0,0.0,0.46029919447640966,0,0.0,0,
ACC_08358,2026-03-09,2023,0,761.0,30780.0,7.0,0.0,0.0,4.697530864197531,0,0.0,0,
ACC_08365,2026-03-08,112,0,92.0,12000.0,1.0,0.0,0.0,20.0,0,0.0,0,
ACC_08389,2026-03-05,205,0,13.0,350.0,1.0,350.0,1.0,13.0,0,0.0,0,
ACC_08396,2026-03-09,1368,0,23.0,18450.0,5.0,3300.0,2.0,0.09653725078698845,0,0.0,0,
ACC_04825,2026-03-04,304,0,23.0,2690.0,5.0,1.3386613386613386,0.6666666666666666,0.33454545454545453,0,0.0,0,
ACC_04830,2026-03-09,1553,0,90.0,23880.0,9.0,0.0,0.0,0.5298013245033113,0,0.0,0,
ACC_04947,2026-03-08,944,0,96.0,12350.0,2.0,0.0,0.0,0.13025780189959293,0,0.0,0,
ACC_05850,2026-03-09,733,0,160.0,26330.0,5.0,0.0,0.0,1.693121693121693,0,0.0,0,
ACC_04960,2026-03-07,1004,0,132.0,8580.0,6.0,0.0,0.0,0.7923169267707083,0,0.0,0,
ACC_04673,2026-03-09,2127,0,581.0,5000.0,4.0,0.0,0.0,1.358534684333593,0,0.0,0,
ACC_04483,2026-03-04,65,0,37.0,13490.0,3.0,13490.0,3.0,20.0,0,0.0,0,
ACC_04694,2026-03-09,772,0,81.0,37340.0,5.0,12000.0,1.0,0.5328947368421053,0,0.0,0,
ACC_04597,2026-03-05,2093,0,558.0,6450.0,4.0,0.0,0.0,1.222790357925493,0,0.0,0,
ACC_04226,2026-03-09,952,0,325.0,2490.0,2.0,0.0,0.0,0.7352941176470589,0,0.0,0,
ACC_04323,2026-03-09,83,0,62.0,12350.0,2.0,12350.0,2.0,15.5,0,0.0,0,
ACC_04366,2026-03-05,1372,0,317.0,30600.0,6.0,0.0,0.0,2.12751677852349,0,0.0,0,
ACC_04465,2026-03-06,146,0,25.0,500.0,1.0,500.0,1.0,20.0,0,0.0,0,
ACC_08529,2026-03-05,356,0,107.0,5950.0,3.0,0.0,0.0,1.562043795620438,0,0.0,0,
ACC_08630,2026-03-08,1484,0,248.0,3480.0,3.0,0.0,0.0,0.5339074273412271,0,0.0,0,
ACC_03927,2026-03-06,173,0,132.0,700.0,2.0,0.0,0.0,3.6666666666666665,0,0.0,0,
ACC_03972,2026-03-04,228,0,45.0,6780.0,5.0,0.3464310625435945,0.6666666666666666,1.0169491525423728,0,0.0,0,
ACC_04052,2026-03-09,1425,0,68.0,4140.0,3.0,990.0,1.0,0.10126582278481013,0,0.0,0,
ACC_04083,2026-03-08,84,0,21.0,2800.0,1.0,2800.0,1.0,20.0,0,0.0,0,
ACC_04133,2026-03-09,891,0,62.0,4140.0,3.0,990.0,1.0,0.20361247947454844,0,0.0,0,
ACC_03661,2026-03-04,234,0,62.0,5340.0,6.0,1.412268188302425,0.3333333333333333,1.8343195266272192,0,0.0,0,
ACC_03702,2026-03-07,3,0,3.0,0.0,0.0,0.0,0.0,3.0,0,0.0,0,
ACC_03737,2026-03-08,1979,0,525.0,15990.0,4.0,0.0,0.0,1.3146911519198665,0,0.0,0,
ACC_03849,2026-03-04,1588,0,521.0,26330.0,5.0,0.0,0.0,2.3521444695259595,0,0.0,0,
ACC_03343,2026-03-07,747,0,534.0,18280.0,5.0,0.0,0.0,12.205714285714286,0,0.0,0,
ACC_03366,2026-03-04,603,0,472.0,12500.0,2.0,0.0,0.0,7.044776119402985,0,0.0,0,
ACC_03458,2026-03-09,1247,0,235.0,7640.0,6.0,0.0,0.0,1.236842105263158,0,0.0,0,
ACC_03460,2026-03-09,1646,0,1646.0,0.0,0.0,0.0,0.0,20.0,0,0.0,0,
ACC_03473,2026-03-06,1346,0,1346.0,0.0,0.0,0.0,0.0,20.0,0,0.0,0,
ACC_03553,2026-03-04,947,0,348.0,2990.0,3.0,0.0,0.0,1.2841328413284132,0,0.0,0,
ACC_08708,2026-03-09,1763,0,638.0,4170.0,6.0,0.0,0.0,3.3298538622129437,0,0.0,0,
ACC_08854,2026-03-06,2126,0,453.0,8280.0,6.0,0.0,0.0,1.3887185775597792,0,0.0,0,
ACC_08868,2026-03-08,112,0,5.0,15480.0,4.0,14.621594349142281,1.5,0.1744186046511628,0,0.0,0,
ACC_08907,2026-03-06,1690,0,38.0,12500.0,2.0,12000.0,1.0,0.07407407407407407,0,0.0,0,
ACC_08908,2026-03-09,1946,0,265.0,18140.0,6.0,0.0,0.0,0.9464285714285714,0,0.0,0,
ACC_05742,2026-03-05,25,0,3.0,4780.0,3.0,4780.0,3.0,0.3333333333333333,0,0.0,0,
ACC_03085,2026-03-09,959,0,140.0,7590.0,5.0,0.0,0.0,0.851063829787234,0,0.0,0,
ACC_03086,2026-03-09,984,0,56.0,3970.0,5.0,1.9760479041916168,0.5,0.24972129319955408,0,0.0,0,
ACC_03139,2026-03-07,345,0,16.0,16000.0,5.0,0.04166319473377218,0.5,0.2570281124497992,0,0.0,0,
ACC_03125,2026-03-04,1879,0,326.0,3830.0,4.0,0.0,0.0,0.8211586901763224,0,0.0,0,
ACC_03294,2026-03-08,1577,0,11.0,14490.0,3.0,1500.0,1.0,0.024719101123595506,0,0.0,0,
ACC_02922,2026-03-05,554,0,40.0,9390.0,4.0,5600.0,2.0,0.29556650246305416,0,0.0,0,
ACC_02948,2026-03-07,206,0,56.0,2490.0,2.0,0.6595602931379081,0.5,0.5773195876288659,0,0.0,0,
ACC_03274,2026-03-08,230,0,230.0,0.0,0.0,0.0,0.0,20.0,0,0.0,0,
ACC_03030,2026-03-09,731,0,128.0,16650.0,4.0,0.0,0.0,0.7470817120622568,0,0.0,0,
ACC_08972,2026-03-05,337,0,235.0,17800.0,4.0,0.0,0.0,10.522388059701493,0,0.0,0,
ACC_08983,2026-03-09,427,0,217.0,5150.0,4.0,0.0,0.0,4.717391304347826,0,0.0,0,
ACC_08984,2026-03-04,94,0,10.0,3000.0,4.0,3000.0,4.0,0.6818181818181819,0,0.0,0,
ACC_09032,2026-03-09,147,0,38.0,21740.0,6.0,0.16943682426980797,0.4,2.1839080459770117,0,0.0,0,
ACC_09162,2026-03-09,1783,0,1294.0,24000.0,2.0,0.0,0.0,4.401360544217687,0,0.0,0,
ACC_02583,2026-03-09,830,0,3.0,6340.0,6.0,2.8205128205128207,0.5,0.022156573116691284,0,0.0,0,
ACC_03028,2026-03-07,776,0,229.0,4340.0,4.0,0.0,0.0,1.7660668380462725,0,0.0,0,
ACC_02738,2026-03-09,966,0,7.0,12500.0,2.0,12500.0,2.0,0.21212121212121213,0,0.0,0,
ACC_02464,2026-03-04,1354,0,54.0,7600.0,4.0,5600.0,2.0,0.16649537512846865,0,0.0,0,
ACC_02122,2026-03-09,1365,0,751.0,12000.0,1.0,0.0,0.0,20.0,0,0.0,0,
ACC_02347,2026-03-09,1379,0,444.0,500.0,1.0,0.0,0.0,20.0,0,0.0,0,
ACC_01959,2026-03-09,239,0,72.0,14990.0,4.0,4.012036108324975,0.25,2.0970873786407767,0,0.0,0,
ACC_02059,2026-03-08,25,0,25.0,0.0,0.0,0.0,0.0,20.0,0,0.0,0,
ACC_09187,2026-03-09,797,0,364.0,1850.0,2.0,0.0,0.0,20.0,0,0.0,0,
ACC_09203,2026-03-07,1979,0,292.0,3650.0,3.0,0.0,0.0,0.5604606525911708,0,0.0,0,
ACC_09262,2026-03-07,114,0,13.0,1340.0,2.0,1340.0,2.0,0.30952380952380953,0,0.0,0,
ACC_09286,2026-03-09,1988,0,16.0,14800.0,2.0,12000.0,1.0,0.052980132450331126,0,0.0,0,
ACC_09331,2026-03-09,738,0,15.0,24500.0,3.0,12500.0,2.0,0.0684931506849315,0,0.0,0,
ACC_01710,2026-03-04,1180,0,107.0,2990.0,3.0,0.0,0.0,0.22597676874340022,0,0.0,0,
ACC_01730,2026-03-09,2049,0,120.0,14800.0,2.0,0.0,0.0,0.20100502512562815,0,0.0,0,
ACC_01785,2026-03-05,234,0,0.0,4840.0,5.0,8.547008547008547,1.0,0.0,0,0.0,0,
ACC_01802,2026-03-09,1585,0,230.0,26000.0,4.0,0.0,0.0,0.5164670658682635,0,0.0,0,
ACC_02594,2026-03-09,1560,0,35.0,13000.0,3.0,500.0,1.0,0.07526881720430108,0,0.0,0,
ACC_01875,2026-03-09,1062,0,40.0,17200.0,6.0,1500.0,1.0,0.2710027100271003,0,0.0,0,
ACC_01450,2026-03-04,331,0,16.0,5140.0,5.0,2.849002849002849,1.0,0.26666666666666666,0,0.0,0,
ACC_01591,2026-03-04,800,0,318.0,3830.0,4.0,0.0,0.0,2.1780821917808217,0,0.0,0,
ACC_01496,2026-03-09,350,0,107.0,16190.0,7.0,0.0,0.0,2.7553648068669525,0,0.0,0,
ACC_01644,2026-03-09,2046,0,122.0,3190.0,6.0,0.0,0.0,0.3575615474794842,0,0.0,0,
ACC_01246,2026-03-08,959,0,160.0,3200.0,5.0,0.0,0.0,1.2673267326732673,0,0.0,0,
ACC_01378,2026-03-04,630,0,16.0,11140.0,9.0,1.9920053297801465,1.5,0.21122112211221122,0,0.0,0,
ACC_01643,2026-03-08,647,0,8.0,15470.0,5.0,990.0,1.0,0.050473186119873815,0,0.0,0,
ACC_01394,2026-03-09,1526,0,268.0,6500.0,7.0,0.0,0.0,1.290529695024077,0,0.0,0,
ACC_01422,2026-03-06,159,0,49.0,18280.0,5.0,0.30756026035333667,0.5,1.9215686274509804,0,0.0,0,
ACC_09361,2026-03-04,253,0,49.0,3150.0,2.0,350.0,1.0,0.28160919540229884,0,0.0,0,
ACC_09385,2026-03-04,1688,0,678.0,2200.0,3.0,0.0,0.0,1.6476306196840826,0,0.0,0,
ACC_09410,2026-03-04,373,0,286.0,500.0,1.0,0.0,0.0,20.0,0,0.0,0,
ACC_09582,2026-03-09,1381,0,686.0,15150.0,3.0,0.0,0.0,5.044117647058823,0,0.0,0,
ACC_09610,2026-03-05,1923,0,474.0,1550.0,4.0,0.0,0.0,1.490566037735849,0,0.0,0,
ACC_01066,2026-03-07,61,0,51.0,990.0,1.0,990.0,1.0,20.0,0,0.0,0,
ACC_01135,2026-03-06,139,0,1.0,1980.0,2.0,1980.0,2.0,0.018867924528301886,0,0.0,0,
ACC_01180,2026-03-09,1997,0,1389.0,2000.0,2.0,0.0,0.0,18.276315789473685,0,0.0,0,
ACC_01183,2026-03-09,1675,0,85.0,19450.0,5.0,1500.0,1.0,0.22834116856950973,0,0.0,0,
ACC_00780,2026-03-04,297,0,46.0,850.0,2.0,500.0,1.0,0.3262411347517731,0,0.0,0,
ACC_00787,2026-03-07,176,0,9.0,12000.0,1.0,12000.0,1.0,9.0,0,0.0,0,
ACC_00891,2026-03-09,1218,0,622.0,3790.0,2.0,0.0,0.0,1.4844868735083532,0,0.0,0,
ACC_00913,2026-03-07,1319,0,1108.0,1500.0,1.0,0.0,0.0,20.0,0,0.0,0,
ACC_00940,2026-03-06,55,0,17.0,1850.0,2.0,1850.0,2.0,0.7391304347826086,0,0.0,0,
ACC_00511,2026-03-09,264,0,107.0,3150.0,2.0,0.0,0.0,2.9722222222222223,0,0.0,0,
ACC_00364,2026-03-07,1756,0,0.0,1690.0,3.0,350.0,1.0,0.0,0,0.0,0,
ACC_00436,2026-03-09,192,0,38.0,990.0,1.0,990.0,1.0,20.0,0,0.0,0,
ACC_09649,2026-03-05,135,0,50.0,13490.0,3.0,12.613521695257315,1.0,1.408450704225352,0,0.0,0,
ACC_09672,2026-03-09,1802,0,152.0,6490.0,6.0,0.0,0.0,0.5444126074498568,0,0.0,0,
ACC_09676,2026-03-04,1538,0,1.0,13500.0,2.0,1500.0,1.0,0.0009910802775024777,0,0.0,0,
ACC_09696,2026-03-04,883,0,55.0,4800.0,3.0,0.3331112591605596,0.5,0.2391304347826087,0,0.0,0,
ACC_09986,2026-03-09,556,0,157.0,5640.0,4.0,0.0,0.0,1.410179640718563,0,0.0,0,
